Id,Pawpularity
4128bae22183829d2b5fea10effdb0c3,48.330063
43a2262d7738e3d420d453815151079e,49.26735
4e429cead1848a298432a0acad014c9d,45.784363
80bc3ccafcc51b66303c2c263aa38486,49.342953
8f49844c382931444e68dffbe20228f4,46.872314
b03f7041962238a7c9d6537e22f9b017,46.74357
c978013571258ed6d4637f6e8cc9d6a3,47.02139
e0de453c1bffc20c22b072b34b54e50f,48.69534
